-- phpMyAdmin SQL Dump
-- version 3.4.5
-- http://www.phpmyadmin.net
--
-- Host: localhost
-- Generation Time: May 23, 2013 at 06:28 AM
-- Server version: 5.5.16
-- PHP Version: 5.3.8

SET SQL_MODE="NO_AUTO_VALUE_ON_ZERO";
SET time_zone = "+00:00";


/*!40101 SET @OLD_CHARACTER_SET_CLIENT=@@CHARACTER_SET_CLIENT */;
/*!40101 SET @OLD_CHARACTER_SET_RESULTS=@@CHARACTER_SET_RESULTS */;
/*!40101 SET @OLD_COLLATION_CONNECTION=@@COLLATION_CONNECTION */;
/*!40101 SET NAMES utf8 */;

--
-- Database: `bringinlifedb`
--

-- --------------------------------------------------------

--
-- Table structure for table `akun`
--

CREATE TABLE IF NOT EXISTS `akun` (
  `id_akun` int(11) NOT NULL AUTO_INCREMENT,
  `no_akun` int(20) NOT NULL,
  `nama_akun` varchar(20) NOT NULL,
  PRIMARY KEY (`id_akun`),
  UNIQUE KEY `no_akun` (`no_akun`)
) ENGINE=InnoDB  DEFAULT CHARSET=latin1 AUTO_INCREMENT=3 ;

--
-- Dumping data for table `akun`
--

INSERT INTO `akun` (`id_akun`, `no_akun`, `nama_akun`) VALUES
(1, 100, 'Kas'),
(2, 400, 'Pendapatan');

-- --------------------------------------------------------

--
-- Table structure for table `dsp`
--

CREATE TABLE IF NOT EXISTS `dsp` (
  `id_dsp` int(10) NOT NULL AUTO_INCREMENT,
  `id_nasabah` int(10) NOT NULL,
  `tgl_tempo` date NOT NULL,
  `tgl_bayar` date NOT NULL,
  `bulan` int(2) NOT NULL,
  `jumlah_bayar` int(10) NOT NULL,
  `sisa` int(10) NOT NULL,
  `lk` varchar(50) NOT NULL,
  PRIMARY KEY (`id_dsp`),
  KEY `id_nasabah` (`id_nasabah`)
) ENGINE=InnoDB  DEFAULT CHARSET=latin1 AUTO_INCREMENT=29 ;

--
-- Dumping data for table `dsp`
--

INSERT INTO `dsp` (`id_dsp`, `id_nasabah`, `tgl_tempo`, `tgl_bayar`, `bulan`, `jumlah_bayar`, `sisa`, `lk`) VALUES
(21, 8, '2013-08-18', '2013-05-18', 3, 533880, 0, 'pass'),
(22, 8, '2013-11-18', '2013-08-18', 6, 533880, 0, 'pass'),
(23, 8, '2014-02-18', '2013-11-18', 9, 533890, 10, 'lebih'),
(24, 8, '2014-05-18', '2014-02-18', 12, 533880, 0, 'pass'),
(25, 8, '2014-08-18', '2014-05-18', 15, 533880, 0, 'pass'),
(26, 9, '2014-05-18', '2013-05-18', 12, 1998000, 0, 'pass'),
(27, 9, '2014-05-18', '2013-05-18', 12, 1998000, 0, 'pass'),
(28, 9, '2015-05-17', '2014-05-17', 24, 2000000, 2000, 'lebih');

-- --------------------------------------------------------

--
-- Table structure for table `ilustrasi_premi`
--

CREATE TABLE IF NOT EXISTS `ilustrasi_premi` (
  `no_polis` int(11) NOT NULL AUTO_INCREMENT,
  `cara_bayar` int(11) NOT NULL,
  `jup` int(11) NOT NULL,
  `masa_asuransi` int(11) NOT NULL,
  `total_premi` int(11) NOT NULL,
  `id_nasabah` int(11) NOT NULL,
  `status_bayar` int(11) NOT NULL,
  `tgl_bayar` date NOT NULL,
  PRIMARY KEY (`no_polis`)
) ENGINE=InnoDB DEFAULT CHARSET=latin1 AUTO_INCREMENT=1 ;

-- --------------------------------------------------------

--
-- Table structure for table `jurnal`
--

CREATE TABLE IF NOT EXISTS `jurnal` (
  `id_kegiatan` int(10) NOT NULL AUTO_INCREMENT,
  `keterangan` varchar(20) NOT NULL,
  `no_akun` int(10) NOT NULL,
  `debit` int(10) NOT NULL,
  `kredit` int(10) NOT NULL,
  `tanggal` date NOT NULL,
  PRIMARY KEY (`id_kegiatan`)
) ENGINE=InnoDB  DEFAULT CHARSET=latin1 AUTO_INCREMENT=55 ;

--
-- Dumping data for table `jurnal`
--

INSERT INTO `jurnal` (`id_kegiatan`, `keterangan`, `no_akun`, `debit`, `kredit`, `tanggal`) VALUES
(1, 'Kas', 100, 996000, 0, '2013-02-04'),
(2, 'Pendapatan', 400, 0, 996000, '2013-02-04'),
(3, 'Kas', 100, 996000, 0, '2013-02-04'),
(4, 'Pendapatan', 400, 0, 996000, '2013-02-04'),
(5, 'Kas', 100, 996000, 0, '2013-02-04'),
(6, 'Pendapatan', 400, 0, 996000, '2013-02-04'),
(7, 'Kas', 100, 2955160, 0, '2013-02-04'),
(8, 'Pendapatan', 400, 0, 2955160, '2013-02-04'),
(9, 'Kas', 100, 2955160, 0, '2013-02-04'),
(10, 'Pendapatan', 400, 0, 2955160, '2013-02-04'),
(11, 'Kas', 100, 3782000, 0, '2013-02-04'),
(12, 'Pendapatan', 400, 0, 3782000, '2013-02-04'),
(13, 'Kas', 100, 134488, 0, '2013-02-05'),
(14, 'Pendapatan', 400, 0, 134488, '2013-02-05'),
(15, 'Kas', 100, 2565420, 0, '2013-02-05'),
(16, 'Pendapatan', 400, 0, 2565420, '2013-02-05'),
(17, 'Kas', 100, 996000, 0, '2013-02-06'),
(18, 'Pendapatan', 400, 0, 996000, '2013-02-06'),
(19, 'Kas', 100, 996000, 0, '2013-02-06'),
(20, 'Pendapatan', 400, 0, 996000, '2013-02-06'),
(21, 'Kas', 100, 996000, 0, '2013-02-06'),
(22, 'Pendapatan', 400, 0, 996000, '2013-02-06'),
(23, 'Kas', 100, 134488, 0, '2013-02-06'),
(24, 'Pendapatan', 400, 0, 134488, '2013-02-06'),
(25, 'Kas', 100, 2565420, 0, '2013-02-06'),
(26, 'Pendapatan', 400, 0, 2565420, '2013-02-06'),
(27, 'Kas', 100, 241250, 0, '2013-02-07'),
(28, 'Pendapatan', 400, 0, 241250, '2013-02-07'),
(29, 'Kas', 100, 482500, 0, '2013-02-08'),
(30, 'Pendapatan', 400, 0, 482500, '2013-02-08'),
(31, 'Kas', 100, 127863, 0, '2013-03-11'),
(32, 'Pendapatan', 400, 0, 127863, '2013-03-11'),
(33, 'Kas', 100, 127863, 0, '2013-03-11'),
(34, 'Pendapatan', 400, 0, 127863, '2013-03-11'),
(35, 'Kas', 100, 127863, 0, '2013-03-11'),
(36, 'Pendapatan', 400, 0, 127863, '2013-03-11'),
(37, 'Kas', 100, 127863, 0, '2013-03-11'),
(38, 'Pendapatan', 400, 0, 127863, '2013-03-11'),
(39, 'Kas', 100, 127863, 0, '2013-03-11'),
(40, 'Pendapatan', 400, 0, 127863, '2013-03-11'),
(41, 'Kas', 100, 127863, 0, '2013-03-11'),
(42, 'Pendapatan', 400, 0, 127863, '2013-03-11'),
(43, 'Kas', 100, 2565420, 0, '2013-03-11'),
(44, 'Pendapatan', 400, 0, 2565420, '2013-03-11'),
(45, 'Kas', 100, 127863, 0, '2013-03-11'),
(46, 'Pendapatan', 400, 0, 127863, '2013-03-11'),
(47, 'Kas', 100, 58500, 0, '2013-04-26'),
(48, 'Pendapatan', 400, 0, 58500, '2013-04-26'),
(49, 'Kas', 100, 99600, 0, '2013-04-26'),
(50, 'Pendapatan', 400, 0, 99600, '2013-04-26'),
(51, 'Kas', 100, 127863, 0, '2013-04-29'),
(52, 'Pendapatan', 400, 0, 127863, '2013-04-29'),
(53, 'Kas', 100, 263940, 0, '2013-04-29'),
(54, 'Pendapatan', 400, 0, 263940, '2013-04-29');

-- --------------------------------------------------------

--
-- Table structure for table `nasabah`
--

CREATE TABLE IF NOT EXISTS `nasabah` (
  `id_nasabah` int(11) NOT NULL AUTO_INCREMENT,
  `no_polis` int(11) DEFAULT NULL,
  `no_spaj` varchar(100) NOT NULL,
  `cara_bayar` int(11) NOT NULL,
  `jup` int(11) NOT NULL,
  `masa_asuransi` int(11) NOT NULL,
  `total_premi` int(11) NOT NULL,
  `tgl_ilustrasi` date NOT NULL,
  `tgl_deal` date NOT NULL,
  `status_deal` int(11) NOT NULL,
  `cabang` varchar(50) NOT NULL,
  PRIMARY KEY (`id_nasabah`),
  KEY `no_spaj` (`no_spaj`)
) ENGINE=InnoDB  DEFAULT CHARSET=latin1 AUTO_INCREMENT=10 ;

--
-- Dumping data for table `nasabah`
--

INSERT INTO `nasabah` (`id_nasabah`, `no_polis`, `no_spaj`, `cara_bayar`, `jup`, `masa_asuransi`, `total_premi`, `tgl_ilustrasi`, `tgl_deal`, `status_deal`, `cabang`) VALUES
(8, 22010001, 'FM-00001', 3, 100000000, 10, 533880, '2013-05-18', '2013-05-18', 1, 'cb1'),
(9, 22010003, 'FM-00002', 12, 100000000, 10, 1998000, '2013-05-18', '2013-05-18', 1, 'cb2');

-- --------------------------------------------------------

--
-- Table structure for table `rate`
--

CREATE TABLE IF NOT EXISTS `rate` (
  `id` int(10) NOT NULL AUTO_INCREMENT,
  `umur` int(10) NOT NULL,
  `masa_asuransi` int(10) NOT NULL,
  `rate` float(10,2) NOT NULL,
  PRIMARY KEY (`id`)
) ENGINE=InnoDB  DEFAULT CHARSET=latin1 AUTO_INCREMENT=481 ;

--
-- Dumping data for table `rate`
--

INSERT INTO `rate` (`id`, `umur`, `masa_asuransi`, `rate`) VALUES
(19, 21, 2, 3.85),
(20, 21, 3, 5.78),
(38, 23, 1, 1.93),
(43, 24, 1, 1.93),
(44, 24, 2, 3.85),
(45, 24, 3, 5.78),
(46, 24, 4, 7.72),
(47, 24, 5, 9.65),
(48, 25, 1, 1.93),
(49, 25, 2, 3.85),
(50, 25, 3, 5.78),
(51, 25, 4, 7.72),
(52, 25, 5, 9.65),
(53, 26, 1, 1.93),
(54, 26, 2, 3.85),
(55, 26, 3, 5.78),
(56, 26, 4, 7.72),
(57, 26, 5, 9.65),
(58, 27, 1, 1.93),
(59, 27, 2, 3.85),
(60, 27, 3, 5.78),
(61, 27, 4, 7.72),
(62, 27, 5, 9.65),
(63, 28, 1, 2.03),
(64, 28, 2, 4.06),
(65, 28, 3, 6.10),
(66, 28, 4, 8.12),
(67, 28, 5, 10.15),
(68, 29, 1, 2.05),
(69, 29, 2, 4.12),
(70, 29, 3, 6.17),
(71, 29, 4, 8.22),
(72, 29, 5, 10.28),
(73, 30, 1, 2.09),
(74, 30, 2, 4.16),
(75, 30, 3, 6.24),
(76, 30, 4, 8.33),
(77, 30, 5, 10.42),
(81, 20, 1, 1.94),
(82, 20, 2, 3.85),
(83, 20, 3, 5.78),
(84, 20, 4, 7.72),
(85, 20, 5, 9.65),
(86, 20, 6, 11.70),
(87, 20, 7, 13.75),
(88, 20, 8, 15.80),
(89, 20, 9, 17.86),
(90, 20, 10, 19.92),
(91, 21, 1, 1.93),
(92, 21, 4, 7.72),
(93, 21, 5, 9.65),
(94, 21, 6, 11.70),
(95, 21, 7, 13.75),
(96, 21, 8, 15.80),
(97, 21, 9, 17.86),
(98, 21, 10, 19.92),
(99, 22, 1, 1.93),
(100, 22, 2, 3.85),
(101, 22, 3, 5.78),
(102, 22, 4, 7.72),
(103, 22, 5, 9.65),
(104, 22, 6, 11.70),
(105, 22, 7, 13.75),
(106, 22, 8, 15.80),
(107, 22, 9, 17.86),
(108, 22, 10, 19.92),
(109, 23, 2, 3.85),
(110, 23, 3, 5.78),
(111, 22, 4, 7.72),
(112, 23, 4, 7.72),
(113, 23, 5, 9.65),
(114, 23, 6, 11.70),
(115, 23, 7, 13.75),
(116, 23, 8, 15.80),
(117, 23, 9, 17.86),
(118, 23, 10, 19.92),
(119, 24, 6, 11.70),
(120, 24, 7, 13.75),
(121, 24, 8, 15.80),
(122, 24, 9, 17.86),
(123, 24, 10, 19.92),
(124, 25, 6, 11.70),
(125, 25, 7, 13.75),
(126, 25, 8, 15.80),
(127, 25, 9, 17.86),
(128, 25, 10, 19.92),
(129, 26, 6, 11.70),
(130, 26, 7, 13.75),
(131, 26, 8, 15.80),
(132, 26, 9, 17.86),
(133, 26, 10, 19.92),
(134, 27, 6, 11.70),
(135, 27, 8, 15.80),
(136, 27, 7, 13.75),
(137, 27, 8, 15.80),
(138, 27, 9, 17.86),
(139, 27, 10, 19.92),
(140, 28, 6, 12.31),
(141, 28, 7, 14.47),
(142, 28, 8, 16.63),
(143, 28, 9, 18.79),
(144, 28, 10, 20.95),
(145, 29, 6, 12.47),
(146, 29, 7, 14.65),
(147, 29, 8, 16.84),
(148, 29, 9, 19.03),
(149, 29, 10, 21.22),
(150, 30, 6, 12.62),
(151, 30, 7, 14.84),
(152, 30, 8, 17.05),
(153, 30, 9, 19.27),
(154, 30, 10, 21.48),
(155, 31, 1, 2.12),
(156, 31, 2, 4.27),
(157, 31, 3, 6.40),
(158, 31, 4, 8.53),
(159, 31, 5, 10.66),
(160, 31, 6, 12.92),
(161, 31, 7, 15.19),
(162, 31, 8, 17.46),
(163, 31, 9, 19.73),
(164, 31, 10, 22.00),
(165, 32, 1, 2.18),
(166, 32, 2, 4.37),
(167, 32, 3, 6.54),
(168, 32, 4, 8.72),
(169, 32, 5, 10.92),
(170, 32, 6, 13.24),
(171, 32, 7, 15.56),
(172, 32, 8, 17.88),
(173, 32, 9, 20.21),
(174, 32, 10, 22.52),
(175, 33, 1, 2.29),
(176, 33, 2, 4.57),
(177, 33, 3, 6.86),
(178, 33, 4, 9.13),
(179, 33, 5, 11.42),
(180, 33, 6, 13.86),
(181, 33, 7, 16.28),
(182, 33, 8, 18.72),
(183, 33, 9, 21.14),
(184, 33, 10, 23.58),
(185, 34, 1, 2.39),
(186, 34, 2, 4.78),
(187, 34, 3, 7.16),
(188, 34, 4, 9.55),
(189, 34, 5, 11.94),
(190, 34, 6, 14.47),
(191, 34, 7, 17.02),
(192, 34, 8, 19.55),
(193, 34, 9, 22.09),
(194, 34, 10, 24.62),
(195, 35, 1, 2.54),
(196, 35, 2, 5.08),
(197, 35, 3, 7.62),
(198, 35, 4, 10.15),
(199, 35, 5, 12.70),
(200, 35, 6, 15.40),
(201, 35, 7, 18.10),
(202, 35, 8, 20.80),
(203, 35, 9, 23.50),
(204, 35, 10, 26.20),
(205, 36, 1, 3.18),
(206, 36, 2, 5.89),
(207, 36, 3, 8.83),
(208, 36, 4, 11.77),
(209, 36, 5, 14.72),
(210, 36, 6, 17.86),
(211, 36, 7, 20.99),
(212, 36, 8, 24.12),
(213, 36, 9, 27.25),
(214, 36, 10, 30.38),
(215, 37, 1, 3.18),
(216, 37, 2, 6.35),
(217, 37, 3, 9.52),
(218, 37, 4, 12.70),
(219, 37, 5, 15.86),
(220, 37, 6, 19.24),
(221, 37, 7, 22.52),
(222, 37, 8, 25.98),
(223, 37, 9, 29.36),
(224, 37, 10, 32.74),
(225, 38, 1, 3.41),
(226, 38, 2, 6.80),
(227, 38, 3, 10.21),
(228, 38, 4, 13.61),
(229, 38, 5, 17.02),
(230, 38, 6, 20.63),
(231, 38, 7, 24.25),
(232, 38, 8, 27.86),
(233, 38, 9, 31.49),
(234, 38, 10, 35.10),
(235, 39, 1, 3.68),
(236, 39, 2, 7.37),
(237, 39, 3, 11.04),
(238, 39, 4, 14.72),
(239, 39, 5, 18.41),
(240, 39, 6, 22.31),
(241, 39, 7, 26.23),
(242, 39, 8, 30.14),
(243, 39, 9, 34.07),
(244, 39, 10, 37.97),
(245, 40, 1, 3.98),
(246, 40, 2, 7.97),
(247, 40, 3, 11.95),
(248, 40, 4, 15.94),
(249, 40, 5, 19.93),
(250, 40, 6, 24.16),
(252, 40, 7, 28.40),
(253, 40, 8, 32.64),
(254, 40, 9, 36.89),
(255, 40, 10, 41.11),
(256, 41, 1, 4.34),
(257, 41, 2, 8.69),
(258, 41, 3, 13.02),
(259, 41, 4, 17.35),
(260, 41, 5, 21.70),
(261, 41, 6, 26.32),
(262, 41, 7, 30.94),
(263, 41, 8, 35.56),
(264, 41, 9, 40.16),
(265, 41, 10, 44.78),
(266, 42, 1, 4.70),
(267, 42, 2, 9.40),
(268, 42, 3, 14.09),
(269, 42, 4, 18.78),
(270, 42, 5, 23.48),
(271, 42, 6, 28.46),
(272, 42, 7, 33.47),
(273, 42, 8, 38.46),
(274, 42, 9, 43.46),
(275, 42, 10, 48.44),
(276, 43, 1, 5.10),
(277, 43, 2, 10.21),
(278, 43, 3, 15.30),
(279, 43, 4, 20.40),
(280, 43, 5, 25.51),
(281, 43, 6, 30.94),
(282, 43, 7, 36.36),
(283, 43, 8, 41.78),
(284, 43, 9, 47.22),
(285, 43, 10, 52.64),
(286, 44, 1, 5.51),
(287, 44, 2, 11.02),
(288, 44, 3, 16.52),
(289, 44, 4, 22.03),
(290, 44, 5, 27.54),
(291, 44, 6, 33.40),
(292, 44, 7, 39.26),
(293, 44, 8, 45.11),
(294, 44, 9, 50.98),
(295, 44, 10, 56.83),
(296, 45, 1, 6.00),
(297, 45, 2, 11.98),
(298, 45, 3, 17.98),
(299, 45, 4, 23.95),
(300, 45, 5, 29.95),
(301, 45, 6, 36.32),
(302, 45, 7, 42.70),
(303, 45, 8, 49.07),
(304, 45, 9, 55.44),
(305, 45, 10, 61.81),
(306, 46, 1, 6.47),
(307, 46, 2, 12.95),
(308, 46, 3, 19.42),
(309, 46, 4, 25.88),
(310, 46, 5, 32.35),
(311, 46, 6, 39.25),
(312, 46, 7, 46.13),
(313, 46, 8, 53.02),
(314, 46, 9, 59.89),
(315, 46, 10, 66.79),
(316, 47, 1, 7.01),
(317, 48, 1, 7.56),
(318, 49, 1, 8.17),
(319, 50, 1, 8.83),
(320, 51, 1, 9.62),
(321, 52, 1, 10.49),
(322, 53, 1, 11.47),
(323, 54, 1, 12.59),
(324, 55, 1, 13.78),
(325, 56, 1, 15.10),
(326, 57, 1, 16.45),
(327, 58, 1, 17.89),
(328, 59, 1, 19.44),
(329, 60, 1, 21.17),
(330, 61, 1, 23.10),
(331, 62, 1, 25.28),
(332, 63, 1, 27.74),
(333, 64, 1, 30.48),
(334, 46, 2, 12.95),
(335, 46, 3, 19.42),
(336, 46, 4, 25.88),
(337, 46, 5, 32.35),
(338, 46, 6, 39.25),
(339, 46, 7, 46.13),
(340, 46, 8, 53.02),
(341, 46, 9, 59.89),
(342, 46, 10, 66.79),
(343, 47, 2, 14.00),
(344, 48, 2, 15.13),
(345, 49, 2, 16.34),
(346, 50, 2, 17.66),
(347, 51, 2, 19.24),
(348, 52, 2, 20.96),
(349, 53, 2, 22.94),
(350, 54, 2, 25.18),
(351, 55, 2, 27.56),
(352, 55, 2, 27.56),
(353, 56, 2, 30.20),
(354, 57, 2, 32.89),
(355, 58, 2, 35.80),
(356, 59, 2, 38.88),
(357, 60, 2, 42.34),
(358, 61, 2, 46.19),
(359, 62, 2, 50.56),
(360, 63, 2, 55.48),
(361, 47, 3, 21.01),
(362, 47, 4, 28.02),
(363, 47, 5, 35.03),
(364, 47, 6, 42.48),
(365, 47, 7, 49.93),
(367, 47, 8, 57.38),
(368, 47, 9, 64.84),
(369, 47, 10, 72.29),
(370, 48, 3, 22.69),
(371, 48, 4, 30.25),
(372, 48, 5, 37.82),
(373, 48, 6, 45.00),
(374, 48, 7, 53.92),
(375, 48, 8, 61.96),
(376, 48, 9, 70.01),
(377, 48, 10, 78.05),
(378, 49, 3, 24.52),
(379, 49, 4, 32.69),
(380, 49, 5, 40.87),
(381, 49, 6, 49.56),
(382, 49, 7, 58.26),
(383, 49, 8, 66.95),
(384, 49, 9, 75.65),
(385, 49, 10, 84.34),
(386, 50, 3, 26.50),
(387, 50, 4, 35.33),
(388, 50, 5, 44.16),
(389, 50, 6, 53.36),
(390, 50, 7, 62.95),
(391, 50, 8, 72.35),
(392, 50, 9, 81.74),
(393, 50, 10, 91.14),
(394, 51, 3, 28.86),
(395, 51, 4, 38.48),
(396, 51, 5, 48.10),
(397, 51, 6, 58.33),
(398, 51, 7, 68.56),
(399, 51, 8, 78.79),
(400, 51, 9, 89.03),
(401, 51, 10, 99.26),
(402, 52, 3, 31.45),
(403, 52, 4, 41.93),
(404, 52, 5, 52.42),
(405, 52, 6, 63.56),
(406, 52, 7, 74.71),
(407, 52, 8, 85.86),
(408, 52, 9, 97.02),
(409, 52, 10, 108.17),
(410, 53, 3, 34.42),
(411, 53, 4, 45.89),
(412, 53, 5, 57.36),
(413, 53, 6, 69.56),
(414, 53, 7, 81.77),
(415, 53, 8, 93.97),
(416, 53, 9, 106.18),
(417, 53, 10, 118.38),
(418, 54, 3, 37.76),
(419, 54, 4, 50.35),
(420, 54, 5, 62.94),
(421, 54, 6, 76.33),
(422, 54, 7, 89.72),
(423, 54, 8, 103.12),
(424, 54, 9, 116.51),
(425, 54, 10, 129.90),
(426, 56, 3, 45.31),
(427, 56, 4, 60.41),
(428, 56, 5, 75.50),
(429, 56, 6, 91.57),
(430, 56, 7, 107.63),
(431, 56, 8, 123.71),
(432, 56, 9, 139.76),
(433, 57, 3, 49.33),
(434, 57, 4, 65.78),
(435, 57, 5, 82.24),
(436, 57, 6, 99.73),
(437, 57, 7, 117.23),
(438, 57, 8, 134.72),
(439, 58, 3, 53.68),
(440, 58, 4, 71.57),
(441, 58, 5, 89.47),
(442, 58, 6, 108.49),
(443, 58, 7, 127.54),
(444, 59, 3, 58.32),
(445, 59, 4, 77.76),
(446, 59, 5, 97.21),
(447, 59, 6, 117.89),
(448, 60, 3, 63.50),
(449, 60, 4, 84.67),
(450, 60, 5, 105.84),
(451, 61, 3, 69.29),
(452, 62, 3, 75.84),
(453, 61, 4, 92.39),
(454, 20, 20, 40.43),
(455, 21, 20, 40.43),
(456, 22, 20, 40.43),
(457, 23, 20, 40.43),
(458, 24, 20, 40.43),
(459, 25, 20, 40.43),
(460, 26, 20, 40.43),
(461, 27, 20, 40.43),
(462, 28, 20, 42.55),
(463, 29, 20, 43.08),
(464, 30, 20, 43.62),
(465, 31, 20, 44.68),
(466, 32, 20, 45.74),
(467, 33, 20, 47.88),
(468, 34, 20, 50.00),
(469, 35, 20, 53.20),
(470, 36, 20, 61.70),
(471, 37, 20, 66.48),
(472, 38, 20, 71.28),
(473, 39, 20, 77.12),
(474, 39, 20, 77.12),
(475, 40, 20, 83.51),
(476, 41, 20, 90.96),
(477, 42, 20, 98.40),
(478, 43, 20, 106.91),
(479, 44, 20, 115.42),
(480, 45, 20, 125.53);

-- --------------------------------------------------------

--
-- Table structure for table `spaj`
--

CREATE TABLE IF NOT EXISTS `spaj` (
  `no_spaj` varchar(100) NOT NULL,
  `jenis_kartu` varchar(10) NOT NULL,
  `nomor` int(30) NOT NULL,
  `nama` varchar(30) NOT NULL,
  `nama_kecil` varchar(10) NOT NULL,
  `tempat_lahir` varchar(20) NOT NULL,
  `tgl_lahir` date NOT NULL,
  `kelamin` varchar(10) NOT NULL,
  `status` varchar(20) NOT NULL,
  `agama` varchar(10) NOT NULL,
  `nama_ibu` varchar(20) NOT NULL,
  `alamat` varchar(30) NOT NULL,
  `kota` varchar(20) NOT NULL,
  `provinsi` varchar(20) NOT NULL,
  `telepon` varchar(20) NOT NULL,
  `kode_pos` int(10) NOT NULL,
  `warga` varchar(20) NOT NULL,
  `asal` varchar(20) NOT NULL,
  `pekerjaan` varchar(20) NOT NULL,
  `tgl_catat` datetime NOT NULL,
  PRIMARY KEY (`no_spaj`)
) ENGINE=InnoDB DEFAULT CHARSET=latin1;

--
-- Dumping data for table `spaj`
--

INSERT INTO `spaj` (`no_spaj`, `jenis_kartu`, `nomor`, `nama`, `nama_kecil`, `tempat_lahir`, `tgl_lahir`, `kelamin`, `status`, `agama`, `nama_ibu`, `alamat`, `kota`, `provinsi`, `telepon`, `kode_pos`, `warga`, `asal`, `pekerjaan`, `tgl_catat`) VALUES
('FM-00001', 'ktp', 4567890, 'Ali Mustajab', 'ali', 'pati', '1988-04-09', 'pria', 'single', 'islam', 'beni', 'jl. gang\r\n                    ', 'bandung', 'jawa barat', '089994899999', 43535, 'WNI', '', 'peg_swasta', '2013-05-18 15:59:44'),
('FM-00002', 'ktp', 2147483647, 'Beni', 'Eni', 'pati', '1989-04-17', 'wanita', 'kawin', 'katolik', 'Sansan', 'jl. emang jorok\r\n             ', 'bandung', 'jawa barat', '089994899999', 43535, 'WNI', '', 'tni_polri', '2013-05-18 16:09:13');

-- --------------------------------------------------------

--
-- Table structure for table `user`
--

CREATE TABLE IF NOT EXISTS `user` (
  `id_admin` int(2) NOT NULL AUTO_INCREMENT,
  `jabatan` varchar(15) NOT NULL,
  `username` varchar(15) NOT NULL,
  `password` varchar(15) NOT NULL,
  PRIMARY KEY (`id_admin`)
) ENGINE=InnoDB  DEFAULT CHARSET=latin1 AUTO_INCREMENT=5 ;

--
-- Dumping data for table `user`
--

INSERT INTO `user` (`id_admin`, `jabatan`, `username`, `password`) VALUES
(1, 'marketing', 'marketing', 'marketing'),
(2, 'administrasi', 'administrasi', 'administrasi'),
(3, 'kasir', 'kasir', 'kasir'),
(4, 'keuangan', 'keuangan', 'keuangan');

--
-- Constraints for dumped tables
--

--
-- Constraints for table `dsp`
--
ALTER TABLE `dsp`
  ADD CONSTRAINT `dsp_ibfk_1` FOREIGN KEY (`id_nasabah`) REFERENCES `nasabah` (`id_nasabah`) ON DELETE CASCADE ON UPDATE CASCADE;

--
-- Constraints for table `nasabah`
--
ALTER TABLE `nasabah`
  ADD CONSTRAINT `nasabah_ibfk_1` FOREIGN KEY (`no_spaj`) REFERENCES `spaj` (`no_spaj`) ON DELETE CASCADE ON UPDATE CASCADE;

/*!40101 SET CHARACTER_SET_CLIENT=@OLD_CHARACTER_SET_CLIENT */;
/*!40101 SET CHARACTER_SET_RESULTS=@OLD_CHARACTER_SET_RESULTS */;
/*!40101 SET COLLATION_CONNECTION=@OLD_COLLATION_CONNECTION */;
